C1,154.80,9.40,90.00,100nF,ESP32_WROVER_EAGLE-LTSPICE_C0402
C10,69.50,106.50,90.00,100nF,ESP32_WROVER_EAGLE-LTSPICE_C0402
C10_SUPERCAP,94.30,53.30,270.00,CPH3225A,CAPCP3225X100N
C1_BAT,132.20,56.80,90.00,4.7uF,ESP32_WROVER_EAGLE-LTSPICE_C0402
C1_BAT1,124.50,40.45,180.00,4.7uF,ESP32_WROVER_EAGLE-LTSPICE_C0402
C1_BAT2,135.26,43.30,90.00,4.7uF,ESP32_WROVER_EAGLE-LTSPICE_C0402
C2,158.00,9.50,90.00,100nF,ESP32_WROVER_EAGLE-LTSPICE_C0402
C2_BAT,125.60,50.40,90.00,4.7uF,ESP32_WROVER_EAGLE-LTSPICE_C0402
C3,130.24,42.87,90.00,"100uF TANT",RCL_CT3528
C4,99.60,34.60,90.00,4.7uF/25V,ESP32_WROVER_EAGLE-LTSPICE_C0402
C4_USB,149.07,47.20,270.00,100nF,ESP32_WROVER_EAGLE-LTSPICE_C0402
C5,28.60,106.60,90.00,1uF,ESP32_WROVER_EAGLE-LTSPICE_C0402
C5_USB,153.47,46.99,270.00,4.7uF,ESP32_WROVER_EAGLE-LTSPICE_C0402
C6,54.60,106.70,90.00,100nF,ESP32_WROVER_EAGLE-LTSPICE_C0402
C7,82.50,28.30,0.00,10uF,ESP32_WROVER_EAGLE-LTSPICE_C0402
C8,90.50,53.10,90.00,100nF,ESP32_WROVER_EAGLE-LTSPICE_C0402
C9,5.80,100.40,90.00,100nF,ESP32_WROVER_EAGLE-LTSPICE_C0402
CHANGE_BUTTON,64.00,107.65,180.00,BUTTON_CUSYOMV1BUTTONMODEL,MYBUTTON
CHG_LED,122.00,55.90,90.00,,ADAFRUIT_CHIP-LED0603
C_DELAY,54.80,100.70,90.00,100nF,ESP32_WROVER_EAGLE-LTSPICE_C0402
D1,151.70,52.85,0.00,USBLC6-2SC6Y,SOT95P280X145-6N
D10,56.00,13.80,0.00,PGB1010603MRCOSTUM,DIOC1608X36N
D11,41.80,37.70,270.00,PGB1010603MRCOSTUM,DIOC1608X36N
D12,37.40,50.20,90.00,PGB1010603MRCOSTUM,DIOC1608X36N
D2,119.35,44.40,90.00,ESP32_WROVER_AVX---SD0805S020S1R0_AVX_SD0805S020S1R0_0_0AVX_SD0805S020S1R0_0_0,ESP32_WROVER_AVX---SD0805S020S1R0_AVX_SD0805S020S1R0_0
D3,82.50,41.20,0.00,MBR0530COSTUM,SOD3716X135N
D4,93.10,36.20,0.00,MBR0530COSTUM,SOD3716X135N
D5,93.00,29.30,0.00,MBR0530COSTUM,SOD3716X135N
D6,45.40,37.60,270.00,PGB1010603MRCOSTUM,DIOC1608X36N
D7,86.40,66.80,180.00,ESP32_WROVER_AVX---SD0805S020S1R0_AVX_SD0805S020S1R0_0_0AVX_SD0805S020S1R0_0_0,ESP32_WROVER_AVX---SD0805S020S1R0_AVX_SD0805S020S1R0_0
D8,49.40,37.40,270.00,PGB1010603MRCOSTUM,DIOC1608X36N
D9,68.50,25.90,0.00,PGB1010603MRCOSTUM,DIOC1608X36N
EPD_C1,92.80,20.50,270.00,1uF/50V,ESP32_WROVER_EAGLE-LTSPICE_C0402
EPD_C10,77.20,19.90,270.00,1uF/50V,ESP32_WROVER_EAGLE-LTSPICE_C0402
EPD_C11,74.20,19.80,270.00,1uF/50V,ESP32_WROVER_EAGLE-LTSPICE_C0402
EPD_C12,71.30,19.90,270.00,1uF/50V,ESP32_WROVER_EAGLE-LTSPICE_C0402
EPD_C2,90.40,20.40,270.00,1uF/50V,ESP32_WROVER_EAGLE-LTSPICE_C0402
EPD_C5,88.10,20.30,270.00,0.1uF/50V,ESP32_WROVER_EAGLE-LTSPICE_C0402
EPD_C6,85.90,20.30,270.00,1uF/50V,ESP32_WROVER_EAGLE-LTSPICE_C0402
EPD_C7,84.20,20.20,270.00,1uF/50V,ESP32_WROVER_EAGLE-LTSPICE_C0402
EPD_C8,82.30,20.40,270.00,1uF/50V,ESP32_WROVER_EAGLE-LTSPICE_C0402
EPD_C9,79.90,19.90,270.00,1uF/50V,ESP32_WROVER_EAGLE-LTSPICE_C0402
IC1,49.00,101.10,0.00,BD5229G-TR,SOT95P280X125-5N
IC4,124.45,45.64,0.00,XC6220A331MR-G,SOT95P280X120-5N
J1,83.00,13.60,0.00,FH34SRJ-24S-0.5SH_99_,FH34SRJ24S05SH99
J2,165.86,54.30,90.00,SAMACSYS_PARTS_USB4110-GF-A,SAMACSYS_PARTS_USB4110GFA
J3,166.27,19.30,90.00,QWIIC_RIGHT_ANGLE,JST04_1MM_RA
J4,8.39,88.98,270.00,112A-TAAR-R03_ATTEND,112ATAARR03ATTEND
L1,84.06,35.30,0.00,68uH,IND_4828-WE-TPC_WRE
MCP73831,126.90,53.80,90.00,ESP32_WROVER_SPARKFUN-IC-POWER_MCP73831,ESP32_WROVER_SPARKFUN-IC-POWER_SOT23-5
PFMF.050.1,151.85,41.65,180.00,ESP32C6_VARISTORCN1812,ESP32C6_VARISTOR_CT/CN1812
Q1,134.48,50.11,0.00,20V/4.2A/52mΩ/1.4W,ESP32_WROVER_SPARKFUN-DISCRETESEMI_SOT23-3
Q2,75.45,30.20,270.00,20V/4.2A/52mΩ/1.4W,ESP32_WROVER_SPARKFUN-DISCRETESEMI_SOT23-3
Q3,57.80,23.20,90.00,SI1308EDL-T1-GE3,SOT65P210X110-3N
R1,19.70,42.70,270.00,10K,ESP32_WROVER_EAGLE-LTSPICE_R0402
R10,56.30,17.10,0.00,10K,ESP32_WROVER_EAGLE-LTSPICE_R0402
R1_BAT,116.60,54.50,0.00,200,ESP32_WROVER_EAGLE-LTSPICE_R0402
R1_PINH,144.40,16.00,270.00,10K,ESP32_WROVER_EAGLE-LTSPICE_R0402
R1_PINH1,90.80,61.20,90.00,10K,ESP32_WROVER_EAGLE-LTSPICE_R0402
R1_PWRUSB,115.96,44.10,270.00,100K,ESP32_WROVER_EAGLE-LTSPICE_R0402
R2,9.60,100.50,90.00,2.2,ESP32_WROVER_EAGLE-LTSPICE_R0402
R2-USB,156.05,57.49,90.00,5k1,ESP32_WROVER_EAGLE-LTSPICE_R0402
R2-USB1,147.83,57.19,90.00,5k1,ESP32_WROVER_EAGLE-LTSPICE_R0402
R2_BAT,120.20,51.10,0.00,2K,ESP32_WROVER_EAGLE-LTSPICE_R0402
R2_PINH,150.70,9.50,270.00,10K,ESP32_WROVER_EAGLE-LTSPICE_R0402
R2_PINH1,84.50,46.90,0.00,10K,ESP32_WROVER_EAGLE-LTSPICE_R0402
R3,63.70,19.70,270.00,0.47,ESP32_WROVER_EAGLE-LTSPICE_R0402
R4,62.40,25.40,270.00,10K,ESP32_WROVER_EAGLE-LTSPICE_R0402
R5,45.70,33.10,90.00,10K,ESP32_WROVER_EAGLE-LTSPICE_R0402
R6,49.50,32.80,90.00,10K,ESP32_WROVER_EAGLE-LTSPICE_R0402
R7,41.80,33.20,90.00,10K,ESP32_WROVER_EAGLE-LTSPICE_R0402
R8,33.10,50.10,90.00,10K,ESP32_WROVER_EAGLE-LTSPICE_R0402
R9,62.10,15.30,0.00,10K,ESP32_WROVER_EAGLE-LTSPICE_R0402
RESET_BUTTON,24.00,107.65,180.00,BUTTON_CUSYOMV1BUTTONMODEL,MYBUTTON
R_BOOT,41.60,106.80,90.00,10K,ESP32_WROVER_EAGLE-LTSPICE_R0402
R_CAPACITOR,86.70,64.10,0.00,15,ESP32_WROVER_EAGLE-LTSPICE_R0402
R_CHARGE,58.70,106.70,90.00,10K,ESP32_WROVER_EAGLE-LTSPICE_R0402
R_CL1,70.40,29.90,90.00,10K,ESP32_WROVER_EAGLE-LTSPICE_R0402
R_RESET,19.00,106.50,90.00,10K,ESP32_WROVER_EAGLE-LTSPICE_R0402
SENSOR2,151.41,15.80,90.00,ESP32_WROVER_BME680_BME680,ESP32_WROVER_BME680_PSON80P300X300X100-8N
SJ1,14.70,100.00,0.00,,SJ
TP1,89.00,107.20,0.00,TP,TP20R
TP10,100.30,16.00,90.00,TP,TP20R
TP11,71.00,12.50,90.00,TP,TP20R
TP12,100.20,12.69,90.00,TP,TP20R
TP13,72.60,36.80,90.00,TP,TP20R
TP14,125.70,59.50,90.00,TP,TP20R
TP15,96.90,64.80,90.00,TP,TP20R
TP16,140.70,43.50,90.00,TP,TP20R
TP17,94.60,42.40,90.00,TP,TP20R
TP2,12.90,68.80,0.00,TP,TP20R
TP3,137.39,62.06,180.00,TP,TP20R
TP4,84.30,107.80,0.00,TP,TP20R
TP5,78.40,107.80,0.00,TP,TP20R
TP6,32.00,63.10,0.00,TP,TP20R
TP7,54.70,53.00,0.00,TP,TP20R
TP8,54.10,56.60,0.00,TP,TP20R
TP9,100.30,18.90,0.00,TP,TP20R
U$2,49.00,107.65,180.00,BUTTON_CUSYOMV1BUTTONMODEL,MYBUTTON
U1,43.60,59.00,0.00,W25Q512JVEIQ,SON127P600X800X80-9N
U2,16.00,55.20,90.00,ESP32-C6-WROOM-1-N8,XCVR_ESP32-C6-WROOM-1-N8
U3,82.20,55.80,270.00,DS3231SN#,SOIC127P1032X265-16N
U4,138.10,56.10,0.00,MAX17048G+T10,SON50P200X200X80-9N
